datetime,CONUS404,UCLA
1995-11-27 00:00:00,0.24721719324588776,0.2774523198604584
1995-11-27 01:00:00,0.3651788830757141,0.25785425305366516
1995-11-27 02:00:00,0.16839490830898285,0.20020687580108643
1995-11-27 03:00:00,0.19587342441082,0.21787366271018982
1995-11-27 04:00:00,0.12849010527133942,0.2229052037000656
1995-11-27 05:00:00,0.08415694534778595,0.1782483607530594
1995-11-27 06:00:00,0.062489960342645645,0.12292898446321487
1995-11-27 07:00:00,0.06474605202674866,0.07426918298006058
1995-11-27 08:00:00,0.14015856385231018,0.057202789932489395
1995-11-27 09:00:00,0.11857904493808746,0.04666619375348091
1995-11-27 10:00:00,0.06802482157945633,0.04197516292333603
1995-11-27 11:00:00,0.05351543053984642,0.04030376300215721
1995-11-27 12:00:00,0.08069424331188202,0.036728065460920334
1995-11-27 13:00:00,0.16582860052585602,0.046328574419021606
1995-11-27 14:00:00,0.16586869955062866,0.18177489936351776
1995-11-27 15:00:00,0.3089234232902527,0.527851939201355
1995-11-27 16:00:00,0.6044061779975891,0.9626522660255432
1995-11-27 17:00:00,0.9476867914199829,1.2345269918441772
1995-11-27 18:00:00,1.2135725021362305,1.3371100425720215
1995-11-27 19:00:00,1.4644556045532227,1.4763058423995972
1995-11-27 20:00:00,1.8447529077529907,1.7983468770980835
1995-11-27 21:00:00,2.298666000366211,2.1533498764038086
1995-11-27 22:00:00,2.5871176719665527,2.3948800563812256
1995-11-27 23:00:00,2.397146224975586,2.360896110534668
1995-11-28 00:00:00,1.7868815660476685,2.0861499309539795
1995-11-28 01:00:00,1.418776273727417,1.898768424987793
1995-11-28 02:00:00,1.1328543424606323,1.5605214834213257
1995-11-28 03:00:00,1.171464204788208,1.4471579790115356
1995-11-28 04:00:00,1.4341566562652588,1.6810247898101807
1995-11-28 05:00:00,1.6593142747879028,1.8949713706970215
1995-11-28 06:00:00,1.874258279800415,2.153658628463745
1995-11-28 07:00:00,2.09315824508667,2.4163997173309326
1995-11-28 08:00:00,2.28102707862854,2.638244390487671
1995-11-28 09:00:00,2.419313669204712,2.8378000259399414
1995-11-28 10:00:00,2.551723003387451,2.986171007156372
1995-11-28 11:00:00,2.9531638622283936,3.129328966140747
1995-11-28 12:00:00,3.554119348526001,3.2054953575134277
1995-11-28 13:00:00,3.3130807876586914,3.564042806625366
1995-11-28 14:00:00,3.6180906295776367,3.940721273422241
1995-11-28 15:00:00,3.812246561050415,4.559211254119873
1995-11-28 16:00:00,3.6193690299987793,4.9857177734375
1995-11-28 17:00:00,3.6428096294403076,5.079499244689941
1995-11-28 18:00:00,2.7690043449401855,4.888111591339111
1995-11-28 19:00:00,1.4722539186477661,4.51425313949585
1995-11-28 20:00:00,1.4682278633117676,4.055936336517334
1995-11-28 21:00:00,2.4245567321777344,3.8611855506896973
1995-11-28 22:00:00,3.540489673614502,3.754159450531006
1995-11-28 23:00:00,4.1830363273620605,3.569211959838867
1995-11-29 00:00:00,4.769612789154053,3.3024322986602783
1995-11-29 01:00:00,5.122286319732666,3.490159273147583
1995-11-29 02:00:00,5.799139499664307,4.483537673950195
1995-11-29 03:00:00,5.603088855743408,4.831622123718262
1995-11-29 04:00:00,3.9119672775268555,4.6823835372924805
1995-11-29 05:00:00,3.1971864700317383,4.313666820526123
1995-11-29 06:00:00,3.4474387168884277,4.697495460510254
1995-11-29 07:00:00,4.42992639541626,4.505228519439697
1995-11-29 08:00:00,3.36862850189209,3.8590338230133057
1995-11-29 09:00:00,3.3745899200439453,3.2894184589385986
1995-11-29 10:00:00,4.16006326675415,3.6795461177825928
1995-11-29 11:00:00,4.389553070068359,4.787598133087158
1995-11-29 12:00:00,3.129483461380005,5.753427505493164
1995-11-29 13:00:00,3.9099111557006836,6.040329456329346
1995-11-29 14:00:00,4.79062557220459,5.394564628601074
1995-11-29 15:00:00,4.63563871383667,4.856715679168701
1995-11-29 16:00:00,4.8766632080078125,4.764961242675781
1995-11-29 17:00:00,4.939860820770264,4.60302209854126
1995-11-29 18:00:00,5.474461555480957,6.401721954345703
1995-11-29 19:00:00,6.614872455596924,5.677873134613037
1995-11-29 20:00:00,5.132019996643066,7.066049098968506
1995-11-29 21:00:00,4.088914394378662,4.337550640106201
1995-11-29 22:00:00,2.4076268672943115,2.4948768615722656
1995-11-29 23:00:00,1.7493774890899658,1.583795428276062
1995-11-30 00:00:00,1.4283442497253418,1.55552339553833
1995-11-30 01:00:00,1.1081993579864502,1.1660830974578857
1995-11-30 02:00:00,1.0507423877716064,1.230613350868225
1995-11-30 03:00:00,1.6283798217773438,1.1448127031326294
1995-11-30 04:00:00,1.8454489707946777,1.2905241250991821
1995-11-30 05:00:00,0.7915712594985962,1.9530677795410156
1995-11-30 06:00:00,1.5352383852005005,2.0853207111358643
1995-11-30 07:00:00,2.791734218597412,2.07392954826355
1995-11-30 08:00:00,1.922534465789795,2.1671066284179688
1995-11-30 09:00:00,1.716055154800415,1.9092979431152344
1995-11-30 10:00:00,1.3346127271652222,1.3635504245758057
1995-11-30 11:00:00,0.8859666585922241,1.1695704460144043
1995-11-30 12:00:00,0.867909848690033,1.0735923051834106
1995-11-30 13:00:00,0.7906448841094971,1.0487034320831299
1995-11-30 14:00:00,0.9300098419189453,0.9320794343948364
1995-11-30 15:00:00,0.7441269755363464,0.8783601522445679
1995-11-30 16:00:00,1.0303289890289307,0.863491952419281
1995-11-30 17:00:00,1.2029163837432861,0.928935170173645
1995-11-30 18:00:00,1.0125623941421509,0.9368864297866821
1995-11-30 19:00:00,0.6574944257736206,1.008118987083435
1995-11-30 20:00:00,0.9973040223121643,0.9705630540847778
1995-11-30 21:00:00,0.790590226650238,0.9358224868774414
1995-11-30 22:00:00,0.41726675629615784,0.8914068937301636
1995-11-30 23:00:00,0.5562303066253662,0.9596846699714661
1995-12-01 00:00:00,0.6609874367713928,1.0253925323486328
1995-12-01 01:00:00,0.5557488799095154,1.1242328882217407
1995-12-01 02:00:00,0.3780474364757538,1.205204725265503
1995-12-01 03:00:00,0.2738591432571411,1.042341709136963
1995-12-01 04:00:00,0.42209842801094055,1.0192086696624756
1995-12-01 05:00:00,0.4400545060634613,1.038774013519287
1995-12-01 06:00:00,1.0551395416259766,0.980013906955719
1995-12-01 07:00:00,1.152127981185913,0.8840653300285339
1995-12-01 08:00:00,1.5974409580230713,0.8207101821899414
1995-12-01 09:00:00,1.4355604648590088,0.8594110012054443
1995-12-01 10:00:00,1.1520249843597412,0.9818577766418457
1995-12-01 11:00:00,1.2809350490570068,1.1586329936981201
1995-12-01 12:00:00,1.1528879404067993,1.4059300422668457
1995-12-01 13:00:00,0.791496753692627,1.74178147315979
1995-12-01 14:00:00,0.565680205821991,1.4847065210342407
1995-12-01 15:00:00,0.2547878324985504,1.295852780342102
1995-12-01 16:00:00,0.3976307213306427,0.77166748046875
1995-12-01 17:00:00,0.4615536630153656,0.5482023358345032
1995-12-01 18:00:00,0.48740530014038086,0.46888813376426697
1995-12-01 19:00:00,0.4738529920578003,0.5047993063926697
1995-12-01 20:00:00,0.6697232127189636,0.4000244140625
1995-12-01 21:00:00,0.602523922920227,0.3591160774230957
1995-12-01 22:00:00,0.3178299069404602,0.5512624382972717
1995-12-01 23:00:00,0.6623994708061218,0.6910143494606018
1995-12-02 00:00:00,0.25388801097869873,1.0042403936386108
1995-12-02 01:00:00,0.5760821104049683,1.3280774354934692
1995-12-02 02:00:00,0.8395482301712036,1.4806429147720337
1995-12-02 03:00:00,1.1471718549728394,1.4811549186706543
1995-12-02 04:00:00,1.1614562273025513,1.280583143234253
1995-12-02 05:00:00,1.7459512948989868,0.9989579319953918
1995-12-02 06:00:00,1.3129702806472778,1.0248502492904663
1995-12-02 07:00:00,1.4003857374191284,1.530787467956543
1995-12-02 08:00:00,2.2721166610717773,1.8070229291915894
1995-12-02 09:00:00,2.0944571495056152,2.014309883117676
1995-12-02 10:00:00,2.166017532348633,1.8788901567459106
1995-12-02 11:00:00,1.3335318565368652,1.9587993621826172
1995-12-02 12:00:00,1.0611737966537476,1.7282214164733887
1995-12-02 13:00:00,0.929922878742218,1.3679841756820679
1995-12-02 14:00:00,0.9744868278503418,1.1470985412597656
1995-12-02 15:00:00,0.8001880645751953,1.0175665616989136
1995-12-02 16:00:00,0.7097700238227844,0.87198805809021
1995-12-02 17:00:00,0.5005807280540466,0.7410451769828796
1995-12-02 18:00:00,0.7624496817588806,0.6726453304290771
1995-12-02 19:00:00,0.5402011871337891,0.8116815090179443
1995-12-02 20:00:00,0.6006489396095276,0.7678698301315308
1995-12-02 21:00:00,0.7436568737030029,0.6741513013839722
1995-12-02 22:00:00,0.7010544538497925,0.6708817481994629
1995-12-02 23:00:00,0.6846374273300171,0.5717734694480896
1995-12-03 00:00:00,0.6156628131866455,0.5118947625160217
1995-12-03 01:00:00,0.5573296546936035,0.39687755703926086
1995-12-03 02:00:00,0.48413997888565063,0.3110441565513611
1995-12-03 03:00:00,0.25272229313850403,0.29238346219062805
1995-12-03 04:00:00,0.10094311833381653,0.3338751494884491
1995-12-03 05:00:00,0.036363355815410614,0.2632388472557068
1995-12-03 06:00:00,0.060598574578762054,0.22801898419857025
1995-12-03 07:00:00,0.04226314648985863,0.21526135504245758
1995-12-03 08:00:00,0.04312923178076744,0.17979736626148224
1995-12-03 09:00:00,0.06060662493109703,0.17703664302825928
1995-12-03 10:00:00,0.06653126329183578,0.25984466075897217
1995-12-03 11:00:00,0.04504721611738205,0.2808953523635864
1995-12-03 12:00:00,0.08876814693212509,0.34628263115882874
1995-12-03 13:00:00,0.08714883774518967,0.4425826370716095
1995-12-03 14:00:00,0.03612491860985756,0.603251576423645
1995-12-03 15:00:00,0.0851174145936966,0.7400004863739014
1995-12-03 16:00:00,0.5208466649055481,0.86513352394104
1995-12-03 17:00:00,0.6644616723060608,0.9859683513641357
1995-12-03 18:00:00,0.5292956829071045,0.9761391282081604
1995-12-03 19:00:00,0.3775542676448822,0.9057392477989197
1995-12-03 20:00:00,0.33773213624954224,1.0236778259277344
1995-12-03 21:00:00,0.39692139625549316,1.358744740486145
1995-12-03 22:00:00,0.6129677891731262,1.8896876573562622
1995-12-03 23:00:00,0.7165451645851135,2.4358019828796387
1995-12-04 00:00:00,0.8671057820320129,2.5261571407318115
