dataset,region,year,mm
CONUS404 (daily-osn),Full Skagit,1983,2362.057861328125
CONUS404 (daily-osn),Full Skagit,1984,2274.963134765625
CONUS404 (daily-osn),Full Skagit,1985,1730.5152587890625
CONUS404 (daily-osn),Full Skagit,1986,2082.853759765625
CONUS404 (daily-osn),Full Skagit,1987,1939.2021484375
CONUS404 (daily-osn),Full Skagit,1988,1955.195556640625
CONUS404 (daily-osn),Full Skagit,1989,2003.5474853515625
CONUS404 (daily-osn),Full Skagit,1990,2405.73193359375
CONUS404 (daily-osn),Full Skagit,1991,2759.5517578125
CONUS404 (daily-osn),Full Skagit,1992,1885.85986328125
CONUS404 (daily-osn),Full Skagit,1993,1712.677490234375
CONUS404 (daily-osn),Full Skagit,1994,1770.696044921875
CONUS404 (daily-osn),Full Skagit,1995,2313.97119140625
CONUS404 (daily-osn),Full Skagit,1996,2728.113037109375
CONUS404 (daily-osn),Full Skagit,1997,2973.662109375
CONUS404 (daily-osn),Full Skagit,1998,1938.9351806640625
CONUS404 (daily-osn),Full Skagit,1999,2913.1689453125
CONUS404 (daily-osn),Full Skagit,2000,2343.955078125
CONUS404 (daily-osn),Full Skagit,2001,1449.1834716796875
CONUS404 (daily-osn),Full Skagit,2002,2435.749267578125
CONUS404 (daily-osn),Full Skagit,2003,1871.8289794921875
CONUS404 (daily-osn),Full Skagit,2004,2353.52685546875
CONUS404 (daily-osn),Full Skagit,2005,1809.915283203125
CONUS404 (daily-osn),Full Skagit,2006,2096.44970703125
CONUS404 (daily-osn),Full Skagit,2007,2443.56591796875
CONUS404 (daily-osn),Full Skagit,2008,2126.103271484375
CONUS404 (daily-osn),Full Skagit,2009,1767.6865234375
CONUS404 (daily-osn),Full Skagit,2010,2276.009765625
CONUS404 (daily-osn),Full Skagit,2011,2448.110107421875
CONUS404 (daily-osn),Full Skagit,2012,2197.19873046875
CONUS404 (daily-osn),Full Skagit,2013,2562.1767578125
CONUS404 (daily-osn),Full Skagit,2014,2142.583251953125
CONUS404 (daily-osn),Full Skagit,2015,2020.3544921875
CONUS404 (daily-osn),Full Skagit,2016,2421.315185546875
CONUS404 (daily-osn),Full Skagit,2017,2412.72119140625
CONUS404 (daily-osn),Full Skagit,2018,2363.74365234375
CONUS404 (daily-osn),Full Skagit,2019,1893.972900390625
CONUS404 (daily-osn),Full Skagit,2020,2268.134521484375
CONUS404 (daily-osn),Full Skagit,2021,2187.936279296875
CONUS404 (daily-osn),Full Skagit,2022,2327.93603515625
CONUS404 (daily-osn),Full Skagit,2023,0.0
Daymet v4 (Planetary Computer),Full Skagit,1983,2369.375
Daymet v4 (Planetary Computer),Full Skagit,1984,2211.94677734375
Daymet v4 (Planetary Computer),Full Skagit,1985,1837.05908203125
Daymet v4 (Planetary Computer),Full Skagit,1986,1978.3470458984375
Daymet v4 (Planetary Computer),Full Skagit,1987,1868.708984375
Daymet v4 (Planetary Computer),Full Skagit,1988,1865.69287109375
Daymet v4 (Planetary Computer),Full Skagit,1989,1867.8868408203125
Daymet v4 (Planetary Computer),Full Skagit,1990,2080.375
Daymet v4 (Planetary Computer),Full Skagit,1991,2669.39306640625
Daymet v4 (Planetary Computer),Full Skagit,1992,1803.227294921875
Daymet v4 (Planetary Computer),Full Skagit,1993,1638.0113525390625
Daymet v4 (Planetary Computer),Full Skagit,1994,1565.513916015625
Daymet v4 (Planetary Computer),Full Skagit,1995,2035.3359375
Daymet v4 (Planetary Computer),Full Skagit,1996,2442.216796875
Daymet v4 (Planetary Computer),Full Skagit,1997,2713.442138671875
Daymet v4 (Planetary Computer),Full Skagit,1998,1686.0322265625
Daymet v4 (Planetary Computer),Full Skagit,1999,2566.060302734375
Daymet v4 (Planetary Computer),Full Skagit,2000,2244.692626953125
Daymet v4 (Planetary Computer),Full Skagit,2001,1291.63134765625
Daymet v4 (Planetary Computer),Full Skagit,2002,2391.479248046875
Daymet v4 (Planetary Computer),Full Skagit,2003,1624.0577392578125
Daymet v4 (Planetary Computer),Full Skagit,2004,2215.5556640625
Daymet v4 (Planetary Computer),Full Skagit,2005,1789.734130859375
Daymet v4 (Planetary Computer),Full Skagit,2006,1917.220703125
Daymet v4 (Planetary Computer),Full Skagit,2007,2365.625
Daymet v4 (Planetary Computer),Full Skagit,2008,2077.3359375
Daymet v4 (Planetary Computer),Full Skagit,2009,1832.056396484375
Daymet v4 (Planetary Computer),Full Skagit,2010,2269.17236328125
Daymet v4 (Planetary Computer),Full Skagit,2011,2531.9169921875
Daymet v4 (Planetary Computer),Full Skagit,2012,2329.426025390625
Daymet v4 (Planetary Computer),Full Skagit,2013,2625.55078125
Daymet v4 (Planetary Computer),Full Skagit,2014,2092.4951171875
Daymet v4 (Planetary Computer),Full Skagit,2015,2087.85791015625
Daymet v4 (Planetary Computer),Full Skagit,2016,2406.07958984375
Daymet v4 (Planetary Computer),Full Skagit,2017,2319.150146484375
Daymet v4 (Planetary Computer),Full Skagit,2018,2291.683349609375
Daymet v4 (Planetary Computer),Full Skagit,2019,1883.7806396484375
Daymet v4 (Planetary Computer),Full Skagit,2020,2244.5703125
Daymet v4 (Planetary Computer),Full Skagit,2021,947.4879760742188
Daymet v4 (Planetary Computer),Full Skagit,2022,0.0
Daymet v4 (Planetary Computer),Full Skagit,2023,0.0
Daymet v4 (Planetary Computer),Full Skagit,2024,0.0
HRRR (f06),Full Skagit,2015,1589.0370213746376
HRRR (f06),Full Skagit,2016,1887.2940569440086
HRRR (f06),Full Skagit,2017,1712.5633423978775
HRRR (f06),Full Skagit,2018,1924.6156934420997
HRRR (f06),Full Skagit,2019,1799.236596638783
HRRR (f06),Full Skagit,2020,1966.582281147707
HRRR (f06),Full Skagit,2021,1867.8323526444412
HRRR (f06),Full Skagit,2022,2065.1216508050816
HRRR (f06),Full Skagit,2023,1348.244045381159
HRRR (f06),Full Skagit,2024,1501.4546310180588
PRISM,Full Skagit,1983,2425.286349502251
PRISM,Full Skagit,1984,2474.9089865059905
PRISM,Full Skagit,1985,1899.2891611620753
PRISM,Full Skagit,1986,2229.144247268664
PRISM,Full Skagit,1987,2127.5049335073554
PRISM,Full Skagit,1988,2182.3135242614385
PRISM,Full Skagit,1989,2047.5509114546298
PRISM,Full Skagit,1990,2450.155466083671
PRISM,Full Skagit,1991,3079.525486731196
PRISM,Full Skagit,1992,2117.36424396856
PRISM,Full Skagit,1993,1866.9350968161766
PRISM,Full Skagit,1994,1821.0993124856536
PRISM,Full Skagit,1995,2411.5039639971897
PRISM,Full Skagit,1996,2958.531496979701
PRISM,Full Skagit,1997,3272.8462143741112
PRISM,Full Skagit,1998,2000.1596285025132
PRISM,Full Skagit,1999,2920.6153791822335
PRISM,Full Skagit,2000,2505.228573662801
PRISM,Full Skagit,2001,1560.8856347333121
PRISM,Full Skagit,2002,2756.3821923379955
PRISM,Full Skagit,2003,1910.9628782626096
PRISM,Full Skagit,2004,2585.2429629915073
PRISM,Full Skagit,2005,1950.4669471240052
PRISM,Full Skagit,2006,2149.4838133575095
PRISM,Full Skagit,2007,2647.6316990286055
PRISM,Full Skagit,2008,2255.4004518673364
PRISM,Full Skagit,2009,2089.8800375217606
PRISM,Full Skagit,2010,2431.0514423696904
PRISM,Full Skagit,2011,2677.5835109754807
PRISM,Full Skagit,2012,2520.9194159067283
PRISM,Full Skagit,2013,2756.0911925446367
PRISM,Full Skagit,2014,2365.832070595997
PRISM,Full Skagit,2015,2365.184035335624
PRISM,Full Skagit,2016,2638.8637069685165
PRISM,Full Skagit,2017,2563.1883458273524
PRISM,Full Skagit,2018,2499.788421940425
PRISM,Full Skagit,2019,2048.522457995585
PRISM,Full Skagit,2020,2533.3842545794314
PRISM,Full Skagit,2021,2345.1423098198156
PRISM,Full Skagit,2022,2722.927424402042
PRISM,Full Skagit,2023,1806.8262199280853
PRISM,Full Skagit,2024,1994.6805298299157
SNOTEL (mean stations),Full Skagit,1983,2734.9
SNOTEL (mean stations),Full Skagit,1984,1548.6
SNOTEL (mean stations),Full Skagit,1985,1568.8
SNOTEL (mean stations),Full Skagit,1986,1459.6
SNOTEL (mean stations),Full Skagit,1987,1485.0
SNOTEL (mean stations),Full Skagit,1988,766.6
SNOTEL (mean stations),Full Skagit,1989,1921.2
SNOTEL (mean stations),Full Skagit,1990,2119.45
SNOTEL (mean stations),Full Skagit,1991,2896.25
SNOTEL (mean stations),Full Skagit,1992,1889.6
SNOTEL (mean stations),Full Skagit,1993,1460.95
SNOTEL (mean stations),Full Skagit,1994,1491.0500000000002
SNOTEL (mean stations),Full Skagit,1995,2054.1
SNOTEL (mean stations),Full Skagit,1996,2383.9
SNOTEL (mean stations),Full Skagit,1997,2476.5
SNOTEL (mean stations),Full Skagit,1998,1365.0
SNOTEL (mean stations),Full Skagit,1999,2315.05
SNOTEL (mean stations),Full Skagit,2000,1937.2333333333333
SNOTEL (mean stations),Full Skagit,2001,925.1
SNOTEL (mean stations),Full Skagit,2002,2024.75
SNOTEL (mean stations),Full Skagit,2003,1298.9
SNOTEL (mean stations),Full Skagit,2004,1819.625
SNOTEL (mean stations),Full Skagit,2005,1425.4499999999998
SNOTEL (mean stations),Full Skagit,2006,1321.44
SNOTEL (mean stations),Full Skagit,2007,2863.46
SNOTEL (mean stations),Full Skagit,2008,2395.04
SNOTEL (mean stations),Full Skagit,2009,1659.45
SNOTEL (mean stations),Full Skagit,2010,2493.7833333333333
SNOTEL (mean stations),Full Skagit,2011,2694.1666666666665
SNOTEL (mean stations),Full Skagit,2012,2485.983333333333
SNOTEL (mean stations),Full Skagit,2013,2665.4500000000003
SNOTEL (mean stations),Full Skagit,2014,2133.766666666667
SNOTEL (mean stations),Full Skagit,2015,2205.7999999999997
SNOTEL (mean stations),Full Skagit,2016,2390.7333333333336
SNOTEL (mean stations),Full Skagit,2017,2172.35
SNOTEL (mean stations),Full Skagit,2018,2162.7166666666667
SNOTEL (mean stations),Full Skagit,2019,1566.1166666666668
SNOTEL (mean stations),Full Skagit,2020,1848.1666666666667
SNOTEL (mean stations),Full Skagit,2021,1990.05
SNOTEL (mean stations),Full Skagit,2022,2276.616666666667
SNOTEL (mean stations),Full Skagit,2023,1491.0166666666664
SNOTEL (mean stations),Full Skagit,2024,1787.8333333333333
UCLA ERA5 WRF d02 (daily NetCDF),Full Skagit,1983,2532.111328125
UCLA ERA5 WRF d02 (daily NetCDF),Full Skagit,1984,2513.332275390625
UCLA ERA5 WRF d02 (daily NetCDF),Full Skagit,1985,1989.700439453125
UCLA ERA5 WRF d02 (daily NetCDF),Full Skagit,1986,2350.138427734375
UCLA ERA5 WRF d02 (daily NetCDF),Full Skagit,1987,2260.35986328125
UCLA ERA5 WRF d02 (daily NetCDF),Full Skagit,1988,2146.60009765625
UCLA ERA5 WRF d02 (daily NetCDF),Full Skagit,1989,2253.0048828125
UCLA ERA5 WRF d02 (daily NetCDF),Full Skagit,1990,2769.052001953125
UCLA ERA5 WRF d02 (daily NetCDF),Full Skagit,1991,3216.142578125
UCLA ERA5 WRF d02 (daily NetCDF),Full Skagit,1992,2213.57470703125
UCLA ERA5 WRF d02 (daily NetCDF),Full Skagit,1993,1985.900146484375
UCLA ERA5 WRF d02 (daily NetCDF),Full Skagit,1994,2127.378173828125
UCLA ERA5 WRF d02 (daily NetCDF),Full Skagit,1995,2460.521240234375
UCLA ERA5 WRF d02 (daily NetCDF),Full Skagit,1996,2960.39453125
UCLA ERA5 WRF d02 (daily NetCDF),Full Skagit,1997,3267.70751953125
UCLA ERA5 WRF d02 (daily NetCDF),Full Skagit,1998,2248.1728515625
UCLA ERA5 WRF d02 (daily NetCDF),Full Skagit,1999,3293.825439453125
UCLA ERA5 WRF d02 (daily NetCDF),Full Skagit,2000,2509.44384765625
UCLA ERA5 WRF d02 (daily NetCDF),Full Skagit,2001,1685.9259033203125
UCLA ERA5 WRF d02 (daily NetCDF),Full Skagit,2002,2745.2275390625
UCLA ERA5 WRF d02 (daily NetCDF),Full Skagit,2003,1979.0001220703125
UCLA ERA5 WRF d02 (daily NetCDF),Full Skagit,2004,2682.554443359375
UCLA ERA5 WRF d02 (daily NetCDF),Full Skagit,2005,1982.0113525390625
UCLA ERA5 WRF d02 (daily NetCDF),Full Skagit,2006,2375.953125
UCLA ERA5 WRF d02 (daily NetCDF),Full Skagit,2007,2775.32275390625
UCLA ERA5 WRF d02 (daily NetCDF),Full Skagit,2008,2418.72998046875
UCLA ERA5 WRF d02 (daily NetCDF),Full Skagit,2009,2035.083740234375
UCLA ERA5 WRF d02 (daily NetCDF),Full Skagit,2010,2600.82177734375
UCLA ERA5 WRF d02 (daily NetCDF),Full Skagit,2011,2804.259521484375
UCLA ERA5 WRF d02 (daily NetCDF),Full Skagit,2012,2491.581787109375
UCLA ERA5 WRF d02 (daily NetCDF),Full Skagit,2013,2866.171630859375
UCLA ERA5 WRF d02 (daily NetCDF),Full Skagit,2014,2201.492431640625
UCLA ERA5 WRF d02 (daily NetCDF),Full Skagit,2015,2383.869384765625
UCLA ERA5 WRF d02 (daily NetCDF),Full Skagit,2016,2746.088134765625
UCLA ERA5 WRF d02 (daily NetCDF),Full Skagit,2017,2540.86669921875
UCLA ERA5 WRF d02 (daily NetCDF),Full Skagit,2018,2671.74951171875
UCLA ERA5 WRF d02 (daily NetCDF),Full Skagit,2019,2134.52001953125
UCLA ERA5 WRF d02 (daily NetCDF),Full Skagit,2020,2550.78759765625
UCLA ERA5 WRF d02 (daily NetCDF),Full Skagit,2021,2549.006591796875
UCLA ERA5 WRF d02 (daily NetCDF),Full Skagit,2022,2381.4482421875
UCLA ERA5 WRF d02 (daily NetCDF),Full Skagit,2023,1617.17236328125
UCLA ERA5 WRF d02 (daily NetCDF),Full Skagit,2024,2029.7452392578125
CONUS404 (daily-osn),Lower Skagit,1983,1938.3031005859375
CONUS404 (daily-osn),Lower Skagit,1984,1987.703369140625
CONUS404 (daily-osn),Lower Skagit,1985,1365.247314453125
CONUS404 (daily-osn),Lower Skagit,1986,1716.625
CONUS404 (daily-osn),Lower Skagit,1987,1525.9376220703125
CONUS404 (daily-osn),Lower Skagit,1988,1552.07861328125
CONUS404 (daily-osn),Lower Skagit,1989,1599.866455078125
CONUS404 (daily-osn),Lower Skagit,1990,2031.4576416015625
CONUS404 (daily-osn),Lower Skagit,1991,2182.49365234375
CONUS404 (daily-osn),Lower Skagit,1992,1471.050048828125
CONUS404 (daily-osn),Lower Skagit,1993,1399.3348388671875
CONUS404 (daily-osn),Lower Skagit,1994,1460.952880859375
CONUS404 (daily-osn),Lower Skagit,1995,1815.2344970703125
CONUS404 (daily-osn),Lower Skagit,1996,2107.702392578125
CONUS404 (daily-osn),Lower Skagit,1997,2375.74267578125
CONUS404 (daily-osn),Lower Skagit,1998,1555.0460205078125
CONUS404 (daily-osn),Lower Skagit,1999,2215.17431640625
CONUS404 (daily-osn),Lower Skagit,2000,1897.476318359375
CONUS404 (daily-osn),Lower Skagit,2001,1270.9622802734375
CONUS404 (daily-osn),Lower Skagit,2002,1838.960693359375
CONUS404 (daily-osn),Lower Skagit,2003,1497.201904296875
CONUS404 (daily-osn),Lower Skagit,2004,1908.7891845703125
CONUS404 (daily-osn),Lower Skagit,2005,1556.1700439453125
CONUS404 (daily-osn),Lower Skagit,2006,1729.36669921875
CONUS404 (daily-osn),Lower Skagit,2007,1940.958984375
CONUS404 (daily-osn),Lower Skagit,2008,1580.49462890625
CONUS404 (daily-osn),Lower Skagit,2009,1461.37451171875
CONUS404 (daily-osn),Lower Skagit,2010,1953.3037109375
CONUS404 (daily-osn),Lower Skagit,2011,1908.28564453125
CONUS404 (daily-osn),Lower Skagit,2012,1666.062255859375
CONUS404 (daily-osn),Lower Skagit,2013,2001.0362548828125
CONUS404 (daily-osn),Lower Skagit,2014,1706.416015625
CONUS404 (daily-osn),Lower Skagit,2015,1577.2301025390625
CONUS404 (daily-osn),Lower Skagit,2016,1859.2864990234375
CONUS404 (daily-osn),Lower Skagit,2017,1997.960693359375
CONUS404 (daily-osn),Lower Skagit,2018,1975.7857666015625
CONUS404 (daily-osn),Lower Skagit,2019,1517.0093994140625
CONUS404 (daily-osn),Lower Skagit,2020,1881.061767578125
CONUS404 (daily-osn),Lower Skagit,2021,1799.3533935546875
CONUS404 (daily-osn),Lower Skagit,2022,1792.06982421875
CONUS404 (daily-osn),Lower Skagit,2023,0.0
Daymet v4 (Planetary Computer),Lower Skagit,1983,2364.28759765625
Daymet v4 (Planetary Computer),Lower Skagit,1984,2393.59375
Daymet v4 (Planetary Computer),Lower Skagit,1985,1795.2611083984375
Daymet v4 (Planetary Computer),Lower Skagit,1986,2137.031005859375
Daymet v4 (Planetary Computer),Lower Skagit,1987,1882.4825439453125
Daymet v4 (Planetary Computer),Lower Skagit,1988,1935.3880615234375
Daymet v4 (Planetary Computer),Lower Skagit,1989,2009.8629150390625
Daymet v4 (Planetary Computer),Lower Skagit,1990,2254.54296875
Daymet v4 (Planetary Computer),Lower Skagit,1991,2577.651123046875
Daymet v4 (Planetary Computer),Lower Skagit,1992,1944.8028564453125
Daymet v4 (Planetary Computer),Lower Skagit,1993,1834.151611328125
Daymet v4 (Planetary Computer),Lower Skagit,1994,1670.139404296875
Daymet v4 (Planetary Computer),Lower Skagit,1995,2113.50927734375
Daymet v4 (Planetary Computer),Lower Skagit,1996,2469.677978515625
Daymet v4 (Planetary Computer),Lower Skagit,1997,2872.33251953125
Daymet v4 (Planetary Computer),Lower Skagit,1998,1851.669921875
Daymet v4 (Planetary Computer),Lower Skagit,1999,2704.67578125
Daymet v4 (Planetary Computer),Lower Skagit,2000,2577.13818359375
Daymet v4 (Planetary Computer),Lower Skagit,2001,1561.303955078125
Daymet v4 (Planetary Computer),Lower Skagit,2002,2560.7744140625
Daymet v4 (Planetary Computer),Lower Skagit,2003,1748.38720703125
Daymet v4 (Planetary Computer),Lower Skagit,2004,2353.79931640625
Daymet v4 (Planetary Computer),Lower Skagit,2005,2045.2216796875
Daymet v4 (Planetary Computer),Lower Skagit,2006,2029.5440673828125
Daymet v4 (Planetary Computer),Lower Skagit,2007,2351.48486328125
Daymet v4 (Planetary Computer),Lower Skagit,2008,2148.39599609375
Daymet v4 (Planetary Computer),Lower Skagit,2009,1911.5869140625
Daymet v4 (Planetary Computer),Lower Skagit,2010,2400.875732421875
Daymet v4 (Planetary Computer),Lower Skagit,2011,2463.53759765625
Daymet v4 (Planetary Computer),Lower Skagit,2012,2243.4365234375
Daymet v4 (Planetary Computer),Lower Skagit,2013,2562.361328125
Daymet v4 (Planetary Computer),Lower Skagit,2014,2212.5546875
Daymet v4 (Planetary Computer),Lower Skagit,2015,2173.326904296875
Daymet v4 (Planetary Computer),Lower Skagit,2016,2432.017578125
Daymet v4 (Planetary Computer),Lower Skagit,2017,2407.50634765625
Daymet v4 (Planetary Computer),Lower Skagit,2018,2380.45068359375
Daymet v4 (Planetary Computer),Lower Skagit,2019,1928.9691162109375
Daymet v4 (Planetary Computer),Lower Skagit,2020,2336.356689453125
Daymet v4 (Planetary Computer),Lower Skagit,2021,960.5675048828125
Daymet v4 (Planetary Computer),Lower Skagit,2022,0.0
Daymet v4 (Planetary Computer),Lower Skagit,2023,0.0
Daymet v4 (Planetary Computer),Lower Skagit,2024,0.0
HRRR (f06),Lower Skagit,2015,1520.6052771207467
HRRR (f06),Lower Skagit,2016,1885.9523728428076
HRRR (f06),Lower Skagit,2017,1695.0382863453788
HRRR (f06),Lower Skagit,2018,1979.3116883198375
HRRR (f06),Lower Skagit,2019,1594.8446293007319
HRRR (f06),Lower Skagit,2020,1757.5070004144484
HRRR (f06),Lower Skagit,2021,1727.454857119622
HRRR (f06),Lower Skagit,2022,1892.3703801607523
HRRR (f06),Lower Skagit,2023,1324.7311164338264
HRRR (f06),Lower Skagit,2024,1527.981267116814
PNNL (historical),Lower Skagit,1983,2122.624267578125
PNNL (historical),Lower Skagit,1984,2262.16943359375
PNNL (historical),Lower Skagit,1985,1657.3603515625
PNNL (historical),Lower Skagit,1986,1996.5428466796875
PNNL (historical),Lower Skagit,1987,1731.4833984375
PNNL (historical),Lower Skagit,1988,1721.9715576171875
PNNL (historical),Lower Skagit,1989,1756.8912353515625
PNNL (historical),Lower Skagit,1990,1951.4625244140625
PNNL (historical),Lower Skagit,1991,2162.679931640625
PNNL (historical),Lower Skagit,1992,1790.8916015625
PNNL (historical),Lower Skagit,1993,1780.6044921875
PNNL (historical),Lower Skagit,1994,1880.0223388671875
PNNL (historical),Lower Skagit,1995,1925.28173828125
PNNL (historical),Lower Skagit,1996,2251.32958984375
PNNL (historical),Lower Skagit,1997,2566.136962890625
PNNL (historical),Lower Skagit,1998,1815.40869140625
PNNL (historical),Lower Skagit,1999,2515.075927734375
PNNL (historical),Lower Skagit,2000,1944.9437255859375
PNNL (historical),Lower Skagit,2001,1567.9061279296875
PNNL (historical),Lower Skagit,2002,1961.0430908203125
PNNL (historical),Lower Skagit,2003,1531.1212158203125
PNNL (historical),Lower Skagit,2004,1754.533447265625
PNNL (historical),Lower Skagit,2005,1839.0653076171875
PNNL (historical),Lower Skagit,2006,1636.1156005859375
PNNL (historical),Lower Skagit,2007,2114.87158203125
PNNL (historical),Lower Skagit,2008,1737.236572265625
PNNL (historical),Lower Skagit,2009,1493.957763671875
PNNL (historical),Lower Skagit,2010,2017.91357421875
PNNL (historical),Lower Skagit,2011,2057.2099609375
PNNL (historical),Lower Skagit,2012,1894.3323974609375
PNNL (historical),Lower Skagit,2013,2197.462646484375
PNNL (historical),Lower Skagit,2014,1484.86767578125
PNNL (historical),Lower Skagit,2015,1572.13134765625
PNNL (historical),Lower Skagit,2016,1841.3253173828125
PNNL (historical),Lower Skagit,2017,2094.6474609375
PNNL (historical),Lower Skagit,2018,1782.1800537109375
PNNL (historical),Lower Skagit,2019,1608.9609375
PNNL (historical),Lower Skagit,2020,1790.175048828125
PRISM,Lower Skagit,1983,2471.530575176992
PRISM,Lower Skagit,1984,2596.617499587519
PRISM,Lower Skagit,1985,1945.6580909077275
PRISM,Lower Skagit,1986,2341.7252729845136
PRISM,Lower Skagit,1987,2084.256045726731
PRISM,Lower Skagit,1988,2146.207455187057
PRISM,Lower Skagit,1989,2079.7049091928957
PRISM,Lower Skagit,1990,2575.8617726843204
PRISM,Lower Skagit,1991,3051.697209721623
PRISM,Lower Skagit,1992,2104.6902119054666
PRISM,Lower Skagit,1993,1917.8539092683243
PRISM,Lower Skagit,1994,1850.9854557894814
PRISM,Lower Skagit,1995,2373.3974372868297
PRISM,Lower Skagit,1996,2813.9382278310754
PRISM,Lower Skagit,1997,3226.990562054352
PRISM,Lower Skagit,1998,1952.3300297470396
PRISM,Lower Skagit,1999,2800.817560515338
PRISM,Lower Skagit,2000,2559.471030904813
PRISM,Lower Skagit,2001,1622.5223038072263
PRISM,Lower Skagit,2002,2565.407212117165
PRISM,Lower Skagit,2003,1901.638985150827
PRISM,Lower Skagit,2004,2534.5926681991887
PRISM,Lower Skagit,2005,2084.346530429278
PRISM,Lower Skagit,2006,2122.108651961614
PRISM,Lower Skagit,2007,2405.0665603123343
PRISM,Lower Skagit,2008,2234.1713022770373
PRISM,Lower Skagit,2009,2058.8541818920994
PRISM,Lower Skagit,2010,2473.9090306378184
PRISM,Lower Skagit,2011,2558.8919094915177
PRISM,Lower Skagit,2012,2324.816687306326
PRISM,Lower Skagit,2013,2640.0094802188632
PRISM,Lower Skagit,2014,2360.4724854500364
PRISM,Lower Skagit,2015,2370.7676193385423
PRISM,Lower Skagit,2016,2515.8033486448358
PRISM,Lower Skagit,2017,2562.920136393695
PRISM,Lower Skagit,2018,2466.8761195459997
PRISM,Lower Skagit,2019,2052.162014196902
PRISM,Lower Skagit,2020,2555.977877812245
PRISM,Lower Skagit,2021,2369.4025429850135
PRISM,Lower Skagit,2022,2633.006972582269
PRISM,Lower Skagit,2023,1801.4389739799676
PRISM,Lower Skagit,2024,2031.5515829399974
UCLA ERA5 WRF d02 (daily NetCDF),Lower Skagit,1983,1942.8668212890625
UCLA ERA5 WRF d02 (daily NetCDF),Lower Skagit,1984,2110.94970703125
UCLA ERA5 WRF d02 (daily NetCDF),Lower Skagit,1985,1541.640625
UCLA ERA5 WRF d02 (daily NetCDF),Lower Skagit,1986,1904.28125
UCLA ERA5 WRF d02 (daily NetCDF),Lower Skagit,1987,1674.699462890625
UCLA ERA5 WRF d02 (daily NetCDF),Lower Skagit,1988,1521.87158203125
UCLA ERA5 WRF d02 (daily NetCDF),Lower Skagit,1989,1708.5784912109375
UCLA ERA5 WRF d02 (daily NetCDF),Lower Skagit,1990,2222.608642578125
UCLA ERA5 WRF d02 (daily NetCDF),Lower Skagit,1991,2462.98388671875
UCLA ERA5 WRF d02 (daily NetCDF),Lower Skagit,1992,1696.0804443359375
UCLA ERA5 WRF d02 (daily NetCDF),Lower Skagit,1993,1571.5218505859375
UCLA ERA5 WRF d02 (daily NetCDF),Lower Skagit,1994,1524.5848388671875
UCLA ERA5 WRF d02 (daily NetCDF),Lower Skagit,1995,1821.907958984375
UCLA ERA5 WRF d02 (daily NetCDF),Lower Skagit,1996,2216.015380859375
UCLA ERA5 WRF d02 (daily NetCDF),Lower Skagit,1997,2644.056640625
UCLA ERA5 WRF d02 (daily NetCDF),Lower Skagit,1998,1573.710693359375
UCLA ERA5 WRF d02 (daily NetCDF),Lower Skagit,1999,2451.776611328125
UCLA ERA5 WRF d02 (daily NetCDF),Lower Skagit,2000,1906.4635009765625
UCLA ERA5 WRF d02 (daily NetCDF),Lower Skagit,2001,1398.182373046875
UCLA ERA5 WRF d02 (daily NetCDF),Lower Skagit,2002,2023.4271240234375
UCLA ERA5 WRF d02 (daily NetCDF),Lower Skagit,2003,1438.5872802734375
UCLA ERA5 WRF d02 (daily NetCDF),Lower Skagit,2004,2083.70703125
UCLA ERA5 WRF d02 (daily NetCDF),Lower Skagit,2005,1722.7523193359375
UCLA ERA5 WRF d02 (daily NetCDF),Lower Skagit,2006,1700.021484375
UCLA ERA5 WRF d02 (daily NetCDF),Lower Skagit,2007,1982.9591064453125
UCLA ERA5 WRF d02 (daily NetCDF),Lower Skagit,2008,1752.103759765625
UCLA ERA5 WRF d02 (daily NetCDF),Lower Skagit,2009,1715.5379638671875
UCLA ERA5 WRF d02 (daily NetCDF),Lower Skagit,2010,1968.505126953125
UCLA ERA5 WRF d02 (daily NetCDF),Lower Skagit,2011,2097.5234375
UCLA ERA5 WRF d02 (daily NetCDF),Lower Skagit,2012,1789.450927734375
UCLA ERA5 WRF d02 (daily NetCDF),Lower Skagit,2013,2217.056640625
UCLA ERA5 WRF d02 (daily NetCDF),Lower Skagit,2014,1634.536865234375
UCLA ERA5 WRF d02 (daily NetCDF),Lower Skagit,2015,1792.11865234375
UCLA ERA5 WRF d02 (daily NetCDF),Lower Skagit,2016,2027.1181640625
UCLA ERA5 WRF d02 (daily NetCDF),Lower Skagit,2017,1942.3792724609375
UCLA ERA5 WRF d02 (daily NetCDF),Lower Skagit,2018,2030.894287109375
UCLA ERA5 WRF d02 (daily NetCDF),Lower Skagit,2019,1606.3792724609375
UCLA ERA5 WRF d02 (daily NetCDF),Lower Skagit,2020,1953.6973876953125
UCLA ERA5 WRF d02 (daily NetCDF),Lower Skagit,2021,1997.9892578125
UCLA ERA5 WRF d02 (daily NetCDF),Lower Skagit,2022,1783.942626953125
UCLA ERA5 WRF d02 (daily NetCDF),Lower Skagit,2023,1277.121826171875
UCLA ERA5 WRF d02 (daily NetCDF),Lower Skagit,2024,1647.678955078125
CONUS404 (daily-osn),Sauk,1983,2516.30224609375
CONUS404 (daily-osn),Sauk,1984,2607.293212890625
CONUS404 (daily-osn),Sauk,1985,1994.828369140625
CONUS404 (daily-osn),Sauk,1986,2316.56298828125
CONUS404 (daily-osn),Sauk,1987,2134.7255859375
CONUS404 (daily-osn),Sauk,1988,2232.956298828125
CONUS404 (daily-osn),Sauk,1989,2288.840087890625
CONUS404 (daily-osn),Sauk,1990,2711.495849609375
CONUS404 (daily-osn),Sauk,1991,3089.226806640625
CONUS404 (daily-osn),Sauk,1992,2045.5653076171875
CONUS404 (daily-osn),Sauk,1993,1907.9798583984375
CONUS404 (daily-osn),Sauk,1994,1841.6845703125
CONUS404 (daily-osn),Sauk,1995,2604.16455078125
CONUS404 (daily-osn),Sauk,1996,3156.692138671875
CONUS404 (daily-osn),Sauk,1997,3303.833984375
CONUS404 (daily-osn),Sauk,1998,2160.5927734375
CONUS404 (daily-osn),Sauk,1999,3223.70556640625
CONUS404 (daily-osn),Sauk,2000,2636.3828125
CONUS404 (daily-osn),Sauk,2001,1593.280029296875
CONUS404 (daily-osn),Sauk,2002,2795.7431640625
CONUS404 (daily-osn),Sauk,2003,2012.2042236328125
CONUS404 (daily-osn),Sauk,2004,2635.043212890625
CONUS404 (daily-osn),Sauk,2005,2011.51904296875
CONUS404 (daily-osn),Sauk,2006,2347.3056640625
CONUS404 (daily-osn),Sauk,2007,2712.267333984375
CONUS404 (daily-osn),Sauk,2008,2459.15087890625
CONUS404 (daily-osn),Sauk,2009,2108.747314453125
CONUS404 (daily-osn),Sauk,2010,2504.455322265625
CONUS404 (daily-osn),Sauk,2011,2811.170166015625
CONUS404 (daily-osn),Sauk,2012,2496.418701171875
CONUS404 (daily-osn),Sauk,2013,2933.48486328125
CONUS404 (daily-osn),Sauk,2014,2506.7861328125
CONUS404 (daily-osn),Sauk,2015,2177.324462890625
CONUS404 (daily-osn),Sauk,2016,2745.738037109375
CONUS404 (daily-osn),Sauk,2017,2554.517578125
CONUS404 (daily-osn),Sauk,2018,2637.014404296875
CONUS404 (daily-osn),Sauk,2019,2021.877685546875
CONUS404 (daily-osn),Sauk,2020,2570.4072265625
CONUS404 (daily-osn),Sauk,2021,2493.99267578125
CONUS404 (daily-osn),Sauk,2022,2644.11279296875
CONUS404 (daily-osn),Sauk,2023,0.0
Daymet v4 (Planetary Computer),Sauk,1983,2493.153564453125
Daymet v4 (Planetary Computer),Sauk,1984,2250.1669921875
Daymet v4 (Planetary Computer),Sauk,1985,1946.3076171875
Daymet v4 (Planetary Computer),Sauk,1986,1942.57958984375
Daymet v4 (Planetary Computer),Sauk,1987,1923.1646728515625
Daymet v4 (Planetary Computer),Sauk,1988,1910.713623046875
Daymet v4 (Planetary Computer),Sauk,1989,1988.2431640625
Daymet v4 (Planetary Computer),Sauk,1990,2035.1064453125
Daymet v4 (Planetary Computer),Sauk,1991,2628.75244140625
Daymet v4 (Planetary Computer),Sauk,1992,1810.1356201171875
Daymet v4 (Planetary Computer),Sauk,1993,1625.101806640625
Daymet v4 (Planetary Computer),Sauk,1994,1538.615478515625
Daymet v4 (Planetary Computer),Sauk,1995,2277.31396484375
Daymet v4 (Planetary Computer),Sauk,1996,2666.28662109375
Daymet v4 (Planetary Computer),Sauk,1997,3108.4365234375
Daymet v4 (Planetary Computer),Sauk,1998,1955.163818359375
Daymet v4 (Planetary Computer),Sauk,1999,2871.314697265625
Daymet v4 (Planetary Computer),Sauk,2000,2547.9326171875
Daymet v4 (Planetary Computer),Sauk,2001,1449.29931640625
Daymet v4 (Planetary Computer),Sauk,2002,2781.86376953125
Daymet v4 (Planetary Computer),Sauk,2003,1865.906005859375
Daymet v4 (Planetary Computer),Sauk,2004,2293.06103515625
Daymet v4 (Planetary Computer),Sauk,2005,1858.9560546875
Daymet v4 (Planetary Computer),Sauk,2006,2121.551513671875
Daymet v4 (Planetary Computer),Sauk,2007,2536.92822265625
Daymet v4 (Planetary Computer),Sauk,2008,2191.923828125
Daymet v4 (Planetary Computer),Sauk,2009,1927.77685546875
Daymet v4 (Planetary Computer),Sauk,2010,2357.28369140625
Daymet v4 (Planetary Computer),Sauk,2011,2778.27734375
Daymet v4 (Planetary Computer),Sauk,2012,2478.54296875
Daymet v4 (Planetary Computer),Sauk,2013,2808.008056640625
Daymet v4 (Planetary Computer),Sauk,2014,2330.5234375
Daymet v4 (Planetary Computer),Sauk,2015,2135.42626953125
Daymet v4 (Planetary Computer),Sauk,2016,2673.58544921875
Daymet v4 (Planetary Computer),Sauk,2017,2706.30126953125
Daymet v4 (Planetary Computer),Sauk,2018,2560.639892578125
Daymet v4 (Planetary Computer),Sauk,2019,1981.58740234375
Daymet v4 (Planetary Computer),Sauk,2020,2448.064453125
Daymet v4 (Planetary Computer),Sauk,2021,1078.3072509765625
Daymet v4 (Planetary Computer),Sauk,2022,0.0
Daymet v4 (Planetary Computer),Sauk,2023,0.0
Daymet v4 (Planetary Computer),Sauk,2024,0.0
HRRR (f06),Sauk,2015,1695.7999869652574
HRRR (f06),Sauk,2016,2060.825098437484
HRRR (f06),Sauk,2017,1868.5990511039124
HRRR (f06),Sauk,2018,2188.907352026421
HRRR (f06),Sauk,2019,1914.721688134855
HRRR (f06),Sauk,2020,2396.8722448231933
HRRR (f06),Sauk,2021,2194.4688678882776
HRRR (f06),Sauk,2022,2347.8927333900997
HRRR (f06),Sauk,2023,1540.499760943578
HRRR (f06),Sauk,2024,1727.1267202540505
PNNL (historical),Sauk,1983,2836.696533203125
PNNL (historical),Sauk,1984,2894.85791015625
PNNL (historical),Sauk,1985,2303.1767578125
PNNL (historical),Sauk,1986,2633.8310546875
PNNL (historical),Sauk,1987,2212.328857421875
PNNL (historical),Sauk,1988,2397.503662109375
PNNL (historical),Sauk,1989,2333.18212890625
PNNL (historical),Sauk,1990,2765.508544921875
PNNL (historical),Sauk,1991,3284.3486328125
PNNL (historical),Sauk,1992,2389.980224609375
PNNL (historical),Sauk,1993,2191.13232421875
PNNL (historical),Sauk,1994,2398.634033203125
PNNL (historical),Sauk,1995,2876.369140625
PNNL (historical),Sauk,1996,3297.37890625
PNNL (historical),Sauk,1997,3425.1845703125
PNNL (historical),Sauk,1998,2347.5625
PNNL (historical),Sauk,1999,3551.954833984375
PNNL (historical),Sauk,2000,2656.3095703125
PNNL (historical),Sauk,2001,1950.96630859375
PNNL (historical),Sauk,2002,2939.25732421875
PNNL (historical),Sauk,2003,2201.5283203125
PNNL (historical),Sauk,2004,2467.817138671875
PNNL (historical),Sauk,2005,2257.8330078125
PNNL (historical),Sauk,2006,2234.80322265625
PNNL (historical),Sauk,2007,3171.63427734375
PNNL (historical),Sauk,2008,2473.8662109375
PNNL (historical),Sauk,2009,2004.5423583984375
PNNL (historical),Sauk,2010,2623.738525390625
PNNL (historical),Sauk,2011,2932.696533203125
PNNL (historical),Sauk,2012,2753.091796875
PNNL (historical),Sauk,2013,2893.06494140625
PNNL (historical),Sauk,2014,2261.8154296875
PNNL (historical),Sauk,2015,2115.60400390625
PNNL (historical),Sauk,2016,2791.320556640625
PNNL (historical),Sauk,2017,2555.23486328125
PNNL (historical),Sauk,2018,2471.03515625
PNNL (historical),Sauk,2019,2179.181640625
PNNL (historical),Sauk,2020,2587.089111328125
PRISM,Sauk,1983,2751.2271969179556
PRISM,Sauk,1984,2868.5114166594376
PRISM,Sauk,1985,2136.3630915034896
PRISM,Sauk,1986,2479.2286953758094
PRISM,Sauk,1987,2406.396174082364
PRISM,Sauk,1988,2480.703689007325
PRISM,Sauk,1989,2380.99175695921
PRISM,Sauk,1990,2762.18855283716
PRISM,Sauk,1991,3394.8737720252975
PRISM,Sauk,1992,2429.4684622425957
PRISM,Sauk,1993,2176.6755155619703
PRISM,Sauk,1994,2014.4289317708904
PRISM,Sauk,1995,2766.794242711493
PRISM,Sauk,1996,3422.3011898244786
PRISM,Sauk,1997,3752.010998760261
PRISM,Sauk,1998,2300.3660382184157
PRISM,Sauk,1999,3289.146037962346
PRISM,Sauk,2000,2778.6089171337485
PRISM,Sauk,2001,1798.999000052333
PRISM,Sauk,2002,3141.190764001197
PRISM,Sauk,2003,2149.735946273558
PRISM,Sauk,2004,2854.1665078729093
PRISM,Sauk,2005,2169.095689750588
PRISM,Sauk,2006,2374.2018096172224
PRISM,Sauk,2007,2890.495742163772
PRISM,Sauk,2008,2544.576712540454
PRISM,Sauk,2009,2411.1341894470997
PRISM,Sauk,2010,2522.973750375945
PRISM,Sauk,2011,3007.565423896903
PRISM,Sauk,2012,2715.066978242128
PRISM,Sauk,2013,2927.5318339238156
PRISM,Sauk,2014,2714.571908116516
PRISM,Sauk,2015,2460.8017579807065
PRISM,Sauk,2016,2932.7004316884604
PRISM,Sauk,2017,2867.219159639067
PRISM,Sauk,2018,2838.52456774475
PRISM,Sauk,2019,2250.08411457683
PRISM,Sauk,2020,2845.333279463932
PRISM,Sauk,2021,2709.9463647218754
PRISM,Sauk,2022,3087.897013545946
PRISM,Sauk,2023,2006.2432595119521
PRISM,Sauk,2024,2219.221365771951
UCLA ERA5 WRF d02 (daily NetCDF),Sauk,1983,2674.63818359375
UCLA ERA5 WRF d02 (daily NetCDF),Sauk,1984,2813.31103515625
UCLA ERA5 WRF d02 (daily NetCDF),Sauk,1985,2270.552734375
UCLA ERA5 WRF d02 (daily NetCDF),Sauk,1986,2622.6787109375
UCLA ERA5 WRF d02 (daily NetCDF),Sauk,1987,2441.9375
UCLA ERA5 WRF d02 (daily NetCDF),Sauk,1988,2413.0810546875
UCLA ERA5 WRF d02 (daily NetCDF),Sauk,1989,2560.662353515625
UCLA ERA5 WRF d02 (daily NetCDF),Sauk,1990,3121.202392578125
UCLA ERA5 WRF d02 (daily NetCDF),Sauk,1991,3672.280029296875
UCLA ERA5 WRF d02 (daily NetCDF),Sauk,1992,2403.8310546875
UCLA ERA5 WRF d02 (daily NetCDF),Sauk,1993,2136.9326171875
UCLA ERA5 WRF d02 (daily NetCDF),Sauk,1994,2357.714111328125
UCLA ERA5 WRF d02 (daily NetCDF),Sauk,1995,2736.9677734375
UCLA ERA5 WRF d02 (daily NetCDF),Sauk,1996,3369.67578125
UCLA ERA5 WRF d02 (daily NetCDF),Sauk,1997,3538.505615234375
UCLA ERA5 WRF d02 (daily NetCDF),Sauk,1998,2526.334228515625
UCLA ERA5 WRF d02 (daily NetCDF),Sauk,1999,3663.05126953125
UCLA ERA5 WRF d02 (daily NetCDF),Sauk,2000,2868.018798828125
UCLA ERA5 WRF d02 (daily NetCDF),Sauk,2001,1833.5177001953125
UCLA ERA5 WRF d02 (daily NetCDF),Sauk,2002,3192.654296875
UCLA ERA5 WRF d02 (daily NetCDF),Sauk,2003,2152.31640625
UCLA ERA5 WRF d02 (daily NetCDF),Sauk,2004,3004.0615234375
UCLA ERA5 WRF d02 (daily NetCDF),Sauk,2005,2156.867919921875
UCLA ERA5 WRF d02 (daily NetCDF),Sauk,2006,2625.114013671875
UCLA ERA5 WRF d02 (daily NetCDF),Sauk,2007,3067.58544921875
UCLA ERA5 WRF d02 (daily NetCDF),Sauk,2008,2683.02392578125
UCLA ERA5 WRF d02 (daily NetCDF),Sauk,2009,2295.45703125
UCLA ERA5 WRF d02 (daily NetCDF),Sauk,2010,2818.61083984375
UCLA ERA5 WRF d02 (daily NetCDF),Sauk,2011,3131.144287109375
UCLA ERA5 WRF d02 (daily NetCDF),Sauk,2012,2819.0537109375
UCLA ERA5 WRF d02 (daily NetCDF),Sauk,2013,3204.87841796875
UCLA ERA5 WRF d02 (daily NetCDF),Sauk,2014,2549.61181640625
UCLA ERA5 WRF d02 (daily NetCDF),Sauk,2015,2618.343505859375
UCLA ERA5 WRF d02 (daily NetCDF),Sauk,2016,3149.165771484375
UCLA ERA5 WRF d02 (daily NetCDF),Sauk,2017,2778.843017578125
UCLA ERA5 WRF d02 (daily NetCDF),Sauk,2018,3028.498291015625
UCLA ERA5 WRF d02 (daily NetCDF),Sauk,2019,2289.8828125
UCLA ERA5 WRF d02 (daily NetCDF),Sauk,2020,2949.4052734375
UCLA ERA5 WRF d02 (daily NetCDF),Sauk,2021,2894.81884765625
UCLA ERA5 WRF d02 (daily NetCDF),Sauk,2022,2724.0224609375
UCLA ERA5 WRF d02 (daily NetCDF),Sauk,2023,1817.177001953125
UCLA ERA5 WRF d02 (daily NetCDF),Sauk,2024,2289.1982421875
CONUS404 (daily-osn),Upper Skagit,1983,2383.5361328125
CONUS404 (daily-osn),Upper Skagit,1984,2204.64013671875
CONUS404 (daily-osn),Upper Skagit,1985,1700.075927734375
CONUS404 (daily-osn),Upper Skagit,1986,2063.998779296875
CONUS404 (daily-osn),Upper Skagit,1987,1943.3416748046875
CONUS404 (daily-osn),Upper Skagit,1988,1926.7969970703125
CONUS404 (daily-osn),Upper Skagit,1989,1972.447265625
CONUS404 (daily-osn),Upper Skagit,1990,2361.523193359375
CONUS404 (daily-osn),Upper Skagit,1991,2744.217529296875
CONUS404 (daily-osn),Upper Skagit,1992,1903.63623046875
CONUS404 (daily-osn),Upper Skagit,1993,1698.2806396484375
CONUS404 (daily-osn),Upper Skagit,1994,1801.956787109375
CONUS404 (daily-osn),Upper Skagit,1995,2298.757080078125
CONUS404 (daily-osn),Upper Skagit,1996,2683.998291015625
CONUS404 (daily-osn),Upper Skagit,1997,2962.030517578125
CONUS404 (daily-osn),Upper Skagit,1998,1927.862060546875
CONUS404 (daily-osn),Upper Skagit,1999,2927.501708984375
CONUS404 (daily-osn),Upper Skagit,2000,2318.17041015625
CONUS404 (daily-osn),Upper Skagit,2001,1428.6917724609375
CONUS404 (daily-osn),Upper Skagit,2002,2412.792724609375
CONUS404 (daily-osn),Upper Skagit,2003,1889.321533203125
CONUS404 (daily-osn),Upper Skagit,2004,2331.484619140625
CONUS404 (daily-osn),Upper Skagit,2005,1782.06494140625
CONUS404 (daily-osn),Upper Skagit,2006,2071.363525390625
CONUS404 (daily-osn),Upper Skagit,2007,2437.08251953125
CONUS404 (daily-osn),Upper Skagit,2008,2103.65234375
CONUS404 (daily-osn),Upper Skagit,2009,1697.6597900390625
CONUS404 (daily-osn),Upper Skagit,2010,2251.006591796875
CONUS404 (daily-osn),Upper Skagit,2011,2413.396728515625
CONUS404 (daily-osn),Upper Skagit,2012,2184.65771484375
CONUS404 (daily-osn),Upper Skagit,2013,2528.361328125
CONUS404 (daily-osn),Upper Skagit,2014,2088.12890625
CONUS404 (daily-osn),Upper Skagit,2015,2044.4261474609375
CONUS404 (daily-osn),Upper Skagit,2016,2405.137939453125
CONUS404 (daily-osn),Upper Skagit,2017,2437.162353515625
CONUS404 (daily-osn),Upper Skagit,2018,2334.194091796875
CONUS404 (daily-osn),Upper Skagit,2019,1916.5478515625
CONUS404 (daily-osn),Upper Skagit,2020,2227.612060546875
CONUS404 (daily-osn),Upper Skagit,2021,2146.284912109375
CONUS404 (daily-osn),Upper Skagit,2022,2309.95703125
CONUS404 (daily-osn),Upper Skagit,2023,0.0
Daymet v4 (Planetary Computer),Upper Skagit,1983,2327.18408203125
Daymet v4 (Planetary Computer),Upper Skagit,1984,2165.913330078125
Daymet v4 (Planetary Computer),Upper Skagit,1985,1805.1220703125
Daymet v4 (Planetary Computer),Upper Skagit,1986,1962.205322265625
Daymet v4 (Planetary Computer),Upper Skagit,1987,1845.5531005859375
Daymet v4 (Planetary Computer),Upper Skagit,1988,1836.43359375
Daymet v4 (Planetary Computer),Upper Skagit,1989,1797.396728515625
Daymet v4 (Planetary Computer),Upper Skagit,1990,2064.6513671875
Daymet v4 (Planetary Computer),Upper Skagit,1991,2699.80517578125
Daymet v4 (Planetary Computer),Upper Skagit,1992,1775.180419921875
Daymet v4 (Planetary Computer),Upper Skagit,1993,1606.565673828125
Daymet v4 (Planetary Computer),Upper Skagit,1994,1555.8878173828125
Daymet v4 (Planetary Computer),Upper Skagit,1995,1933.4326171875
Daymet v4 (Planetary Computer),Upper Skagit,1996,2355.78759765625
Daymet v4 (Planetary Computer),Upper Skagit,1997,2542.604248046875
Daymet v4 (Planetary Computer),Upper Skagit,1998,1558.6915283203125
Daymet v4 (Planetary Computer),Upper Skagit,1999,2430.996826171875
Daymet v4 (Planetary Computer),Upper Skagit,2000,2075.693603515625
Daymet v4 (Planetary Computer),Upper Skagit,2001,1186.0966796875
Daymet v4 (Planetary Computer),Upper Skagit,2002,2220.22216796875
Daymet v4 (Planetary Computer),Upper Skagit,2003,1514.47509765625
Daymet v4 (Planetary Computer),Upper Skagit,2004,2163.83056640625
Daymet v4 (Planetary Computer),Upper Skagit,2005,1718.900634765625
Daymet v4 (Planetary Computer),Upper Skagit,2006,1823.661376953125
Daymet v4 (Planetary Computer),Upper Skagit,2007,2306.947021484375
Daymet v4 (Planetary Computer),Upper Skagit,2008,2022.1063232421875
Daymet v4 (Planetary Computer),Upper Skagit,2009,1781.8907470703125
Daymet v4 (Planetary Computer),Upper Skagit,2010,2213.261474609375
Daymet v4 (Planetary Computer),Upper Skagit,2011,2454.59716796875
Daymet v4 (Planetary Computer),Upper Skagit,2012,2290.554443359375
Daymet v4 (Planetary Computer),Upper Skagit,2013,2570.81201171875
Daymet v4 (Planetary Computer),Upper Skagit,2014,1984.557861328125
Daymet v4 (Planetary Computer),Upper Skagit,2015,2055.7919921875
Daymet v4 (Planetary Computer),Upper Skagit,2016,2304.7578125
Daymet v4 (Planetary Computer),Upper Skagit,2017,2163.50634765625
Daymet v4 (Planetary Computer),Upper Skagit,2018,2178.5810546875
Daymet v4 (Planetary Computer),Upper Skagit,2019,1840.342041015625
Daymet v4 (Planetary Computer),Upper Skagit,2020,2154.912841796875
Daymet v4 (Planetary Computer),Upper Skagit,2021,898.3676147460938
Daymet v4 (Planetary Computer),Upper Skagit,2022,0.0
Daymet v4 (Planetary Computer),Upper Skagit,2023,0.0
Daymet v4 (Planetary Computer),Upper Skagit,2024,0.0
HRRR (f06),Upper Skagit,2015,1563.8899941838847
HRRR (f06),Upper Skagit,2016,1827.3857738655909
HRRR (f06),Upper Skagit,2017,1662.4925394554264
HRRR (f06),Upper Skagit,2018,1821.472390360299
HRRR (f06),Upper Skagit,2019,1796.0758937507294
HRRR (f06),Upper Skagit,2020,1850.719182932637
HRRR (f06),Upper Skagit,2021,1777.1580567492906
HRRR (f06),Upper Skagit,2022,1996.3409697914392
HRRR (f06),Upper Skagit,2023,1285.0571316900205
HRRR (f06),Upper Skagit,2024,1417.7315091138066
PNNL (historical),Upper Skagit,1983,2601.833740234375
PNNL (historical),Upper Skagit,1984,2568.91455078125
PNNL (historical),Upper Skagit,1985,2082.59375
PNNL (historical),Upper Skagit,1986,2421.035888671875
PNNL (historical),Upper Skagit,1987,2216.294677734375
PNNL (historical),Upper Skagit,1988,2242.9560546875
PNNL (historical),Upper Skagit,1989,2144.795166015625
PNNL (historical),Upper Skagit,1990,2475.67724609375
PNNL (historical),Upper Skagit,1991,3019.987548828125
PNNL (historical),Upper Skagit,1992,2298.4013671875
PNNL (historical),Upper Skagit,1993,2058.649169921875
PNNL (historical),Upper Skagit,1994,2187.75927734375
PNNL (historical),Upper Skagit,1995,2536.424072265625
PNNL (historical),Upper Skagit,1996,3004.530029296875
PNNL (historical),Upper Skagit,1997,3202.63427734375
PNNL (historical),Upper Skagit,1998,2189.43994140625
PNNL (historical),Upper Skagit,1999,3241.59619140625
PNNL (historical),Upper Skagit,2000,2395.9658203125
PNNL (historical),Upper Skagit,2001,1775.0487060546875
PNNL (historical),Upper Skagit,2002,2601.573974609375
PNNL (historical),Upper Skagit,2003,1991.176025390625
PNNL (historical),Upper Skagit,2004,2254.186767578125
PNNL (historical),Upper Skagit,2005,2089.990234375
PNNL (historical),Upper Skagit,2006,2081.226318359375
PNNL (historical),Upper Skagit,2007,2864.061279296875
PNNL (historical),Upper Skagit,2008,2250.3115234375
PNNL (historical),Upper Skagit,2009,1765.029296875
PNNL (historical),Upper Skagit,2010,2406.02197265625
PNNL (historical),Upper Skagit,2011,2655.051025390625
PNNL (historical),Upper Skagit,2012,2485.345947265625
PNNL (historical),Upper Skagit,2013,2615.873046875
PNNL (historical),Upper Skagit,2014,1944.6619873046875
PNNL (historical),Upper Skagit,2015,1968.0745849609375
PNNL (historical),Upper Skagit,2016,2378.530029296875
PNNL (historical),Upper Skagit,2017,2411.654541015625
PNNL (historical),Upper Skagit,2018,2208.475830078125
PNNL (historical),Upper Skagit,2019,1933.980712890625
PNNL (historical),Upper Skagit,2020,2264.04296875
PRISM,Upper Skagit,1983,2267.1422057674017
PRISM,Upper Skagit,1984,2272.6623600579237
PRISM,Upper Skagit,1985,1781.2357481852264
PRISM,Upper Skagit,1986,2092.804310693505
PRISM,Upper Skagit,1987,2011.407680196352
PRISM,Upper Skagit,1988,2055.76101589338
PRISM,Upper Skagit,1989,1890.0397548710307
PRISM,Upper Skagit,1990,2281.833602106412
PRISM,Upper Skagit,1991,2942.2520097747442
PRISM,Upper Skagit,1992,1979.594373104217
PRISM,Upper Skagit,1993,1716.2585758443956
PRISM,Upper Skagit,1994,1726.7533202204613
PRISM,Upper Skagit,1995,2260.484911004052
PRISM,Upper Skagit,1996,2781.8555094364056
PRISM,Upper Skagit,1997,3067.9170300232918
PRISM,Upper Skagit,1998,1876.6957806995526
PRISM,Upper Skagit,1999,2780.566830062623
PRISM,Upper Skagit,2000,2371.2821467141875
PRISM,Upper Skagit,2001,1441.0074379908867
PRISM,Upper Skagit,2002,2625.425258379548
PRISM,Upper Skagit,2003,1805.8823304378902
PRISM,Upper Skagit,2004,2475.5397419217757
PRISM,Upper Skagit,2005,1823.0497419181813
PRISM,Upper Skagit,2006,2053.433222604956
PRISM,Upper Skagit,2007,2589.0124504200703
PRISM,Upper Skagit,2008,2127.676568673578
PRISM,Upper Skagit,2009,1950.0648269961061
PRISM,Upper Skagit,2010,2376.7151375816024
PRISM,Upper Skagit,2011,2551.071647425029
PRISM,Upper Skagit,2012,2471.796730234619
PRISM,Upper Skagit,2013,2699.887396534548
PRISM,Upper Skagit,2014,2208.1544804116006
PRISM,Upper Skagit,2015,2318.153464291523
PRISM,Upper Skagit,2016,2530.758309963334
PRISM,Upper Skagit,2017,2425.1384083146136
PRISM,Upper Skagit,2018,2352.1422514456904
PRISM,Upper Skagit,2019,1955.6335426454882
PRISM,Upper Skagit,2020,2385.636469910809
PRISM,Upper Skagit,2021,2175.2581696678867
PRISM,Upper Skagit,2022,2575.8595808341406
PRISM,Upper Skagit,2023,1716.7398792493336
PRISM,Upper Skagit,2024,1883.0494172552842
SNOTEL (mean stations),Upper Skagit,1983,2734.9
SNOTEL (mean stations),Upper Skagit,1984,1548.6
SNOTEL (mean stations),Upper Skagit,1985,1568.8
SNOTEL (mean stations),Upper Skagit,1986,1459.6
SNOTEL (mean stations),Upper Skagit,1987,1485.0
SNOTEL (mean stations),Upper Skagit,1988,766.6
SNOTEL (mean stations),Upper Skagit,1989,1921.2
SNOTEL (mean stations),Upper Skagit,1990,2119.45
SNOTEL (mean stations),Upper Skagit,1991,2896.25
SNOTEL (mean stations),Upper Skagit,1992,1889.6
SNOTEL (mean stations),Upper Skagit,1993,1460.95
SNOTEL (mean stations),Upper Skagit,1994,1491.0500000000002
SNOTEL (mean stations),Upper Skagit,1995,2054.1
SNOTEL (mean stations),Upper Skagit,1996,2383.9
SNOTEL (mean stations),Upper Skagit,1997,2476.5
SNOTEL (mean stations),Upper Skagit,1998,1365.0
SNOTEL (mean stations),Upper Skagit,1999,2315.05
SNOTEL (mean stations),Upper Skagit,2000,1937.2333333333333
SNOTEL (mean stations),Upper Skagit,2001,925.1
SNOTEL (mean stations),Upper Skagit,2002,2024.75
SNOTEL (mean stations),Upper Skagit,2003,1298.9
SNOTEL (mean stations),Upper Skagit,2004,1819.625
SNOTEL (mean stations),Upper Skagit,2005,1425.4499999999998
SNOTEL (mean stations),Upper Skagit,2006,1321.44
SNOTEL (mean stations),Upper Skagit,2007,2863.46
SNOTEL (mean stations),Upper Skagit,2008,2395.04
SNOTEL (mean stations),Upper Skagit,2009,1659.45
SNOTEL (mean stations),Upper Skagit,2010,2493.7833333333333
SNOTEL (mean stations),Upper Skagit,2011,2694.1666666666665
SNOTEL (mean stations),Upper Skagit,2012,2485.983333333333
SNOTEL (mean stations),Upper Skagit,2013,2665.4500000000003
SNOTEL (mean stations),Upper Skagit,2014,2133.766666666667
SNOTEL (mean stations),Upper Skagit,2015,2205.7999999999997
SNOTEL (mean stations),Upper Skagit,2016,2390.7333333333336
SNOTEL (mean stations),Upper Skagit,2017,2172.35
SNOTEL (mean stations),Upper Skagit,2018,2162.7166666666667
SNOTEL (mean stations),Upper Skagit,2019,1566.1166666666668
SNOTEL (mean stations),Upper Skagit,2020,1848.1666666666667
SNOTEL (mean stations),Upper Skagit,2021,1990.05
SNOTEL (mean stations),Upper Skagit,2022,2276.616666666667
SNOTEL (mean stations),Upper Skagit,2023,1491.0166666666664
SNOTEL (mean stations),Upper Skagit,2024,1787.8333333333333
UCLA ERA5 WRF d02 (daily NetCDF),Upper Skagit,1983,2603.993896484375
UCLA ERA5 WRF d02 (daily NetCDF),Upper Skagit,1984,2492.39501953125
UCLA ERA5 WRF d02 (daily NetCDF),Upper Skagit,1985,1981.89404296875
UCLA ERA5 WRF d02 (daily NetCDF),Upper Skagit,1986,2345.83447265625
UCLA ERA5 WRF d02 (daily NetCDF),Upper Skagit,1987,2317.786865234375
UCLA ERA5 WRF d02 (daily NetCDF),Upper Skagit,1988,2180.654052734375
UCLA ERA5 WRF d02 (daily NetCDF),Upper Skagit,1989,2255.341796875
UCLA ERA5 WRF d02 (daily NetCDF),Upper Skagit,1990,2756.43359375
UCLA ERA5 WRF d02 (daily NetCDF),Upper Skagit,1991,3210.747314453125
UCLA ERA5 WRF d02 (daily NetCDF),Upper Skagit,1992,2251.59423828125
UCLA ERA5 WRF d02 (daily NetCDF),Upper Skagit,1993,2018.708984375
UCLA ERA5 WRF d02 (daily NetCDF),Upper Skagit,1994,2170.50439453125
UCLA ERA5 WRF d02 (daily NetCDF),Upper Skagit,1995,2494.5341796875
UCLA ERA5 WRF d02 (daily NetCDF),Upper Skagit,1996,2967.49609375
UCLA ERA5 WRF d02 (daily NetCDF),Upper Skagit,1997,3300.354248046875
UCLA ERA5 WRF d02 (daily NetCDF),Upper Skagit,1998,2286.924560546875
UCLA ERA5 WRF d02 (daily NetCDF),Upper Skagit,1999,3338.2890625
UCLA ERA5 WRF d02 (daily NetCDF),Upper Skagit,2000,2506.87451171875
UCLA ERA5 WRF d02 (daily NetCDF),Upper Skagit,2001,1694.4033203125
UCLA ERA5 WRF d02 (daily NetCDF),Upper Skagit,2002,2735.85107421875
UCLA ERA5 WRF d02 (daily NetCDF),Upper Skagit,2003,2029.69775390625
UCLA ERA5 WRF d02 (daily NetCDF),Upper Skagit,2004,2694.11865234375
UCLA ERA5 WRF d02 (daily NetCDF),Upper Skagit,2005,1974.1640625
UCLA ERA5 WRF d02 (daily NetCDF),Upper Skagit,2006,2427.2939453125
UCLA ERA5 WRF d02 (daily NetCDF),Upper Skagit,2007,2834.004150390625
UCLA ERA5 WRF d02 (daily NetCDF),Upper Skagit,2008,2462.0615234375
UCLA ERA5 WRF d02 (daily NetCDF),Upper Skagit,2009,2010.440185546875
UCLA ERA5 WRF d02 (daily NetCDF),Upper Skagit,2010,2655.412841796875
UCLA ERA5 WRF d02 (daily NetCDF),Upper Skagit,2011,2835.25830078125
UCLA ERA5 WRF d02 (daily NetCDF),Upper Skagit,2012,2519.24560546875
UCLA ERA5 WRF d02 (daily NetCDF),Upper Skagit,2013,2880.196533203125
UCLA ERA5 WRF d02 (daily NetCDF),Upper Skagit,2014,2194.48828125
UCLA ERA5 WRF d02 (daily NetCDF),Upper Skagit,2015,2422.20849609375
UCLA ERA5 WRF d02 (daily NetCDF),Upper Skagit,2016,2749.518310546875
UCLA ERA5 WRF d02 (daily NetCDF),Upper Skagit,2017,2580.48974609375
UCLA ERA5 WRF d02 (daily NetCDF),Upper Skagit,2018,2676.05859375
UCLA ERA5 WRF d02 (daily NetCDF),Upper Skagit,2019,2188.0322265625
UCLA ERA5 WRF d02 (daily NetCDF),Upper Skagit,2020,2531.69287109375
UCLA ERA5 WRF d02 (daily NetCDF),Upper Skagit,2021,2541.1201171875
UCLA ERA5 WRF d02 (daily NetCDF),Upper Skagit,2022,2382.09326171875
UCLA ERA5 WRF d02 (daily NetCDF),Upper Skagit,2023,1617.710693359375
UCLA ERA5 WRF d02 (daily NetCDF),Upper Skagit,2024,2017.1231689453125
